ipaddress,name,,
216.38.152.130,Virtually LIve US Inc,,
216.38.155.134,fiberIVY - 425 Sherman,,
216.38.132.30,Barry S Slatt Mortgage Company - Burlingame,,
216.38.130.126,Circle Up,,
216.38.133.218,xAd,,
216.38.151.58,Autoneum North America  PO  4300055804,,
216.38.154.198,Swissnex,,
216.38.132.50,Fronteo USA Inc,,
216.38.142.66,Clift Hotel,,
173.195.78.106,American Giant Inc.,Pending,
216.38.156.118,GearLaunch,Pending,
216.38.138.242,Impetus Technologies Inc.,Pending,
99.0.84.186,Nebbiolo Technologies Inc.,Pending,
216.38.156.106,Town & Country Resources Inc.,Pending,Doubt
216.38.156.108,Town & Country Resources Inc.,,
216.38.155.198,International Technological University,,
216.38.152.150,Oncept,,
173.195.77.138,Tora Trading Services Ltd.,,
204.153.195.6,Pacific Coast Electricians - previously MIke Counsil,,
216.38.132.250,Nuviso Networks,,
216.38.152.142,UNU Electronics Inc,,
216.38.151.42,Keker Van Nest & Peters LLP,Pending,dout
216.38.152.244,PS Print a Deluxe Company,,
216.38.150.138,Dakota Carrier Network,,
216.38.156.194,June Life Inc.,,
207.114.171.142,Keker Van Nest & Peters LLP,,
216.38.148.178,Minted LLC,,
216.38.153.98,Stranger & Stranger Inc.,,
216.38.132.254,Avidbank,,
216.38.132.34,ThreatStream Inc.,,
216.38.151.66,Reward Style Inc,,
204.153.194.62 / 204.153.194.66,fiberIVY - 1 Post,Pending,dout
216.38.133.48,fiberIVY - 1735 N First Street San Jose,,
216.38.138.26,Blueshift Labs Inc,,
216.38.155.206,Callisto Media,,
216.38.150.186,fiberIVY - 899 Adams,,
173.195.78.254,Social Finance Inc,,
204.153.194.38,John McNeil Studio,,
216.38.156.230,SnapLogic,,
216.38.133.186,Danrick Commerce Group LLC,,
216.38.156.2,Newton Software Inc,,
216.38.152.134,Phoenix Real Estate Investment Corp.,,
216.38.130.78,LT Security Inc,,
204.153.194.225,Aerospike Inc. formerly citrusleaf,,
173.195.79.98,Autonomic,,
216.38.151.74,Quid,,
216.38.133.126,Eveo,,
216.38.151.82,La Mar Cebicheria Peruana Inc,,
216.38.138.246,Genesys Lab PO 17432,,
216.38.150.98,Acer Cloud Technology (US Inc. DE,,
216.38.155.226,MemoryTen Inc.,,
216.38.133.86,Control4 Corporation,,
216.38.155.230,fiberIVY - 101 Mission St - formerly 100 Spear St,,
216.38.140.226,Havas Worldwide San Francisco LLC  Fmly Euro RSCG,,
216.38.132.202,Everlaw,,
216.38.148.198,Nexcom,,
216.38.151.18,Skedulo Inc,,
216.38.133.70,Covenant Surgical Partners - CovenantSP CA806,,
,Dakota Carrier Network,,
216.38.132.122,Nipun Capital LLC,,
216.38.133.118,Airport Home Appliance - PDC,,
216.38.133.38,Vault Management Inc.,,
216.38.133.210,Serb Systems Inc. dba ProMedia/Utlrasound Inc.,,
216.38.136.6,Regents of the University of California  - UC Press,,
216.38.133.138,Soliant Consulting,,
216.38.137.237,Canto,,
173.195.77.130,Goldstone Management Inc.,,
216.38.156.222,YouGov,,
216.38.135.46,SuperCloset Inc,,
216.38.155.194,IDEO.org,,
216.38.137.170,ThreatStream Inc.,,
216.38.154.2,Beeline Group LLC,,
216.38.153.90,Litman Gregory Asset Management,,
204.153.195.98,fiberIVY - 4 Orinda,,
216.38.156.210,Insitu Inc   formerly 2d3 Sensing,,
216.38.155.254,OQTON Inc.,,
216.38.133.106,2567 Mission St. LLC,,
216.38.132.70,UpGuard   formerly ScriptRock Inc,,
173.195.77.34,Tank Design,,
216.38.155.210,Picketfence Inc  dba Sandbox Studio,,
216.38.132.90,Navdy Inc,,
216.38.132.30,Lifestreet Corp WebAMG Services Inc.,,
216.38.154.238,Wafer Reclaim Services LLC,,
216.38.149.82,Orange Silicon Valley Inc - Project 3139 - PO 011825,,
216.38.148.2,Shazam Media Services Inc.,,
216.38.129.78,Hugo Parker LLP,,
216.38.152.242,hyperWALLET Systems Inc,,
216.38.132.166,Mediasmith,,
216.38.151.62,Formagrid Inc. dba Airtable,,
216.38.139.130,Parker Media,,
216.38.133.146,Clever Inc.,,
216.38.135.54,Minted LLC,,
216.38.138.166,Grow Marketing,,
216.38.151.26,Netskope Inc.,,
216.38.148.138,Verba Inc,,
216.38.155.166,Trilliant Networks Inc,,
216.38.156.102,Counsyl Inc.,,
216.38.156.46,WPG Americas - San Jose,,
216.38.148.146,JDRF,,
216.38.148.130,Wi-Fi Alliance,,
216.38.133.174,Flextronics Inc.,,
216.38.148.190,SmartNews Inc.,,
216.38.155.190,Matarozzi Pelsinger Builders Inc.,,
216.38.156.134,Ongaro PC Law,,
104.7.66.175,The Pill Club,,
216.38.156.94,ROI-DNA,,
216.38.155.62,Collectively Inc,,
216.38.138.210,Avidbank SF,,
216.38.148.98,Avidbank San Jose,,
216.38.138.10,Atrium Risk Management Services,,
216.38.132.62,NTROPIC LLC,,
216.38.156.62,Cpacket Networks,,
216.38.157.154,Anatomage Inc,,
216.38.153.102,Friedman McCubbin Law Group LLP,,
216.38.156.130,Imgur LLC,,
216.38.132.98,Landtech Consultants,,
216.38.133.22,San Francisco County Transportation Authority,,
216.38.155.2,Stella Technology Inc,,
216.38.138.170,Searchmetrics Inc,,
216.38.156.202,Montbleau & Associates,,
216.38.151.94,Axis Construction Inc,,
216.38.154.222,3Scan,,
216.38.149.166,Artium Technologies Inc.,,
216.38.151.70,Lolli and Pops,,
216.38.155.122,Social Imprints,,
216.38.154.194,CONSULATE GENERAL OF SWITZERLAND,,
216.38.151.86,Striim dba WebAction Inc.,,
216.38.132.26,Redwood Pulmonary Medical Associates,,
216.38.151.78,Acalvio Technologies,,
216.38.138.106,Golden Gate Urgent Care,,
216.38.156.50,ProtoCafe,,
216.38.154.194,Switzerland Tourism,,
216.38.148.234,Launchpad Digital Health - Ground Zero,,
216.38.133.182,Audentes Therapeutics IncGtwy- PO160623-PG-02-Rev00,,
216.38.151.22,Audentes Therapeutics Inc  PO170504-ST-1,,
216.38.151.242,SimilarWeb LTD,,
216.38.157.206,Canaan Partners,,
216.38.152.50,Congregation Beth Am,,
216.38.156.218,StreetLight Data,,
204.153.194.210,Campaign Monitor USA Inc,,
216.38.135.38,Granada School,,
216.38.155.218,NUS America Inc,,
216.38.140.198,Commonwealth Networks,,
157.130.224.138,Barry S Slatt Mortgage Company - Los Angeles,,
216.38.152.202,The Rare Wine Co,,
216.38.155.54,The Seven Hills School,,
216.38.156.42,Z Collection Inc.,,
216.38 .154.14,Z Collection Inc.,,
216.38.152.102,Streetline,,
216.38.132.186,Laird Technologies,,
216.38.152.22,High Fidelity Inc.,,
204.153.194.214,ProctorU Inc,,
204.153.194.74,Terris Barnes & Walters,,
216.38.137.202,Regent Financial & Insurance Services LLC,,
216.38.150.196,Litman Gregory Asset Management,,
216.38.147.30,Nylas Inc,,
216.38.156.86,Cannon Constructors North Inc.,,
216.38.132.54,Motif Investing Inc,,
216.38.129.154,The Contemporary Jewish Museum,,
216.38.140.30,Alooma Inc.,,
216.38.140.22,Instamotor Inc.,,
216.38.152.162,Better World Advertising,,
216.38.135.62,Tokbox Inc.,,
173.195.79.106,IATAI Enterprises,,
173.195.79.22,Qadium Inc,,
216.38.132.234,ixonos,,
216.38.157.94,Rollbar Inc,,
173.195.77.182,Oakstop LLC,,
173.195.78.242,Thalmic Labs Inc,,
216.38.136.254,Compass Inc.,,
173.195.79.106,MongoDB Inc.,,
216.38.140.2,Checkr Inc.,,
216.38.155.202,GP Bullhound Inc.,,
216.38.156.146,California Lutheran University,,
216.38.152.46,Nanosyn Inc,,
216.38.156.214,Open Gate Sangha,,
216.38.156.154,ETS Laboratories,,
216.38.132.6,Check Point Software Technologies Inc. PO4100071312,,
216.38.140.46,Dynamic Signal Inc.,,
216.38.155.66,Handel Architects,,
216.38.151.246,Food Service Partners,,
173.195.77.110,University of San Francisco,,
173.195.77.114,Fyusion Inc.,,
,Forbes Media LLC,,
104.7.66.92,Totango Inc,,
204.153.194.46,LightStep Inc.,,
173.195.77.190,Goldstone Management Inc.,,
216.38.142.146,Nano Magnetics Inc,,
216.38.133.30,Scale API,,
173.195.77.158,Insight Engines Inc,,
173.195.77.150,Mondo International LLC,,
216.38.134.34,Index Venture Management  RLS,,
216.38.134.38,Walker Warner Architects Inc.,,
75.36.2.70,Plageman Lund & Cannon LLP,,
173.195.77.30,Dynamic Signal Inc.,,
173.195.77.26,Contentful Inc.,,
173.195.76.198,Bolt Inc.,,
216.38.137.206,Blue Chip Tek,,
216.38.147.194,Smith Health Inc.,,
216.38.154.62,CyberAgent America Inc,,
216.38.147.218,Dunham Associates,,
216.38.132.194,Thrasys Inc.,,
216.38.132.190,Magoosh Inc,,
216.38.155.186,Schox PLC,,
216.38.135.234,Humanity.com Inc,,
216.38.137.198,kaseya,,
216.38.136.250,Rokid Inc.,,
216.38.136.230,Authentic8 Inc.,,
216.38.136.226,Lumo Bodytech Inc,,
216.38.132.94,China Live,,
216.38.152.194,Click Diagnostics,,
216.38.147.222,Strategic Decisions Group International LLC,,
173.195.79.30,Calibear Inc.,,
104.10.251.231,True Partners Consulting,,
216.38.152.254,Yorozu Law Group,,
216.38.148.230,BrightFunnel Inc.,,
216.38.152.158,Thumbtack Inc,,
216.38.138.138,Audentes Therapeutics Inc  -  550 Eccles Unit 3,,
216.38.154.26,Kettle Solutions LLC,,
216.38.129.90,BlackStone Discovery,,
173.195.78.246,Forbes Media LLC,,
216.38.140.18,Protagonist,,
216.38.148.170,Redaptive Inc,,
4.7.100.38,Roku,,
216.38.148174,Typical Set LLC,,
173.195.78.110,Lanetix,,
173.195.78.122,Belgian American Chamber of Commerce,,
173.195.77.126,Wickr Inc.,,
173.195.77.122,Intercom,,
216.38.132.182,Sandbox Suites,,
216.38.156.206,Hack Reactor,,
216.38.157.122,Avatar Integrated Systems Inc.,,
216.38.148.238,Godfrey Dadich and Partners,,
173.195.77.146,The Bridgespan Group,,
216.38.133.254,Birdies Inc,,
104.56.112.144,Captain401 Inc,,
173.195.77.82,DM Karting Inc.,,
104.56.112.141,New Context Services Inc,,
